{"minzoom":0,"maxzoom":8,"center":[27.421875,56.168028,8.0],"bounds":[20.970665,55.674934,28.241569,58.085571]}