{"minzoom":0,"maxzoom":9,"center":[27.070313,55.973298,9.0],"bounds":[20.970665,55.674934,28.241569,58.085571]}